n_bar,L,e_ph,e_bit,P_pass,R,EA,g2,eps_nu,feasible,status,secs
0.003000000000000001,0.0,0.19887957458814914,0.015009521747135622,0.002546801511801615,0.0003846625482119458,0.0014806982594964143,110.84788773190628,1.9298343177931443e-06,True,optimal,17.18719482421875
0.003000000000000001,0.5,0.21904296302975446,0.01500974325000894,0.0024889025712926103,0.000279507286409329,0.0014805722590798072,121.65491878584176,1.941738562827311e-06,True,optimal,17.429818153381348
0.003000000000000001,1.0,0.23919762492039776,0.015009969912142925,0.0024323183246108535,0.00018731906496919167,0.001480942605150241,133.06496927758621,1.9050739727966004e-06,True,optimal,17.47213912010193
0.003000000000000001,1.5,0.2594408362236571,0.015010201853702205,0.0023770189916326443,0.00010652122696035645,0.0014816128409119804,142.45501606073643,1.8382285364992867e-06,True,optimal,17.772976875305176
0.003000000000000001,2.0,0.2794894881658652,0.015010439197649933,0.002322975463555059,3.707107443393001e-05,0.001482961803423716,154.2724155248532,1.7031693297919759e-06,True,optimal,12.791249990463257
0.003000000000000001,2.5,0.29969957187946916,0.015010682069812965,0.0022701592879092723,0.0,0.0014847325759352156,164.41057286556432,1.525978723937449e-06,True,optimal,13.196843147277832
0.003000000000000001,3.0,0.3200767686529157,0.015010930598948527,0.002218542653901505,0.0,0.0014867552306324495,174.22066684082495,1.324327278950932e-06,True,optimal,13.820554971694946
0.003000000000000001,4.0,0.3605480466267037,0.015011445158229027,0.002118799890288929,0.0,0.001493926753799396,195.33849792305762,6.070820817161149e-07,True,optimal,13.65762996673584
0.003000000000000001,5.0,0.40083246421767127,0.015011983966789646,0.002023536982841827,0.0,0.001500003455849479,219.32943419398288,-5.94439386603085e-10,False,optimal,11.507130146026611
0.005004301611600179,0.0,0.19962280213271427,0.015005713043973095,0.004244672387295393,0.0006348861084263911,0.0024699456378219804,66.67912818056007,3.2200837400964133e-06,True,optimal,12.13716983795166
0.005004301611600179,0.5,0.21976339366076458,0.015005845833441602,0.004148253665153116,0.00046049501917455545,0.0024697553906404424,73.20412110841946,3.2390777372492963e-06,True,optimal,11.707929134368896
0.005004301611600179,1.0,0.23990284136131906,0.015005981715907911,0.004054020681244689,0.0003075582213589424,0.002470397591495816,79.99051700219799,3.1744323635285454e-06,True,optimal,12.150272130966187
0.005004301611600179,1.5,0.26012617584512343,0.015006120763413441,0.003961924087237915,0.00017355595651748565,0.0024714899696536307,85.39526608854625,3.065718976902332e-06,True,optimal,12.85095500946045
0.005004301611600179,2.0,0.2801643869582848,0.015006263049677514,0.003871915639925254,5.833815595916605e-05,0.00247381639667817,92.7273180866193,2.832046948175737e-06,True,optimal,13.55837368965149
0.005004301611600179,2.5,0.30035826058403853,0.015006408650136423,0.0037839481768836268,0.0,0.0024767987983060897,98.76033848162078,2.534002724430273e-06,True,optimal,12.927885055541992
0.005004301611600179,3.0,0.32072941458345994,0.015006557641983411,0.003697975592650142,0.0,0.0024801622644335564,104.62874216108762,2.1983668697656e-06,True,optimal,13.111172199249268
0.005004301611600179,4.0,0.3611656471022816,0.015006866117645887,0.0035318357841604684,0.0,0.0024922386909063264,117.3242791002579,9.906282342209138e-07,True,optimal,12.517776012420654
0.005004301611600179,5.0,0.40134926062839094,0.015007189130928906,0.0033731476363153255,0.0,0.002502160558785756,131.87191956376742,-1.374067526427325e-09,False,optimal,13.023706912994385
0.00834767820662138,0.0,0.20086811870846671,0.015003429761411885,0.007070462661328462,0.0010400681267946268,0.004120119197139114,40.211651734960476,5.371243762986033e-06,True,optimal,11.72875165939331
0.00834767820662138,0.5,0.22097123062403284,0.015003509367156045,0.006910077778049277,0.0007519811937803728,0.004119878210988501,44.16487927475665,5.3954980978598854e-06,True,optimal,12.15568470954895
0.00834767820662138,1.0,0.24108152160493462,0.015003590827144168,0.0067533186718242415,0.0004992462640398604,0.004120988339835773,48.16899388750092,5.2847344700346355e-06,True,optimal,14.076284885406494
0.00834767820662138,1.5,0.2612673550219241,0.015003674184565528,0.006600103932590555,0.0002779096697373706,0.004122822052766611,51.36416440300019,5.100526855983389e-06,True,optimal,13.596741676330566
0.00834767820662138,2.0,0.28129443290449685,0.015003759483615353,0.006450353953126179,8.740556629741339e-05,0.0041268323431242915,55.83791487482912,4.700371085353261e-06,True,optimal,14.033243179321289
0.00834767820662138,2.5,0.3014621401209352,0.015003846769518254,0.006303990890258763,0.0,0.004131820996064104,59.39748884653152,4.201466102804474e-06,True,optimal,14.04081678390503
0.00834767820662138,3.0,0.3218216102081859,0.015003936088552204,0.006160938626856375,0.0,0.004137731923537913,62.72889840116118,3.6102956048056356e-06,True,optimal,11.869035005569458
0.00834767820662138,4.0,0.3621969338450791,0.015004121016539683,0.00588447043744708,0.0,0.004158467340940611,70.32851794866353,1.5366472690958588e-06,True,optimal,11.041530132293701
0.00834767820662138,5.0,0.40221931560561863,0.015004314659815342,0.005620373572388286,0.0,0.004173848724275496,79.42864124047189,-1.9121986216674713e-09,False,optimal,12.465082883834839
0.013924766500838338,0.0,0.20294967514782986,0.015002060965307103,0.011766331008293133,0.0016823795680327124,0.006872785761021439,24.343008980079137,8.95796644628799e-06,True,optimal,11.784239053726196
0.013924766500838338,0.5,0.22298989834188276,0.015002108687620688,0.011500043800732633,0.001209586470053258,0.006872576220840248,26.756104004438516,8.980256760771077e-06,True,optimal,13.207098007202148
0.013924766500838338,1.0,0.24305401926116071,0.01500215752154511,0.01123974870839947,0.0007945151097303331,0.006874491514711707,29.09536718054348,8.788576562945849e-06,True,optimal,12.828535079956055
0.013924766500838338,1.5,0.2631734911725902,0.015002207492972076,0.0109853124366511,0.00043141852222346915,0.006877824051106142,31.05099381525181,8.455628845327468e-06,True,optimal,13.712229013442993
0.013924766500838338,2.0,0.28318445081810417,0.015002258628396395,0.010736604586522784,0.00011827289037977422,0.006884655500502438,33.72483950814025,7.771542449463986e-06,True,optimal,13.176444292068481
0.013924766500838338,2.5,0.3033079144269431,0.015002310954929994,0.010493497594970284,0.0,0.006893089811999384,35.80503841229403,6.928460690058813e-06,True,optimal,12.56253695487976
0.013924766500838338,3.0,0.3236281666384736,0.015002364500316317,0.010255866676199236,0.0,0.006903861943420422,37.595753113432636,5.849351883302489e-06,True,optimal,12.450634956359863
0.013924766500838338,4.0,0.36391456577056824,0.01500247536186702,0.009796547455570874,0.0,0.006938493662438092,42.31689121178128,2.3884166306942234e-06,True,optimal,11.785984992980957
0.013924766500838338,5.0,0.4036728339910419,0.015002591448193709,0.00935770202115324,0.0,0.006962393403467011,47.98409623876765,-1.99038030501697e-09,False,optimal,12.172387838363647
0.02322791048043382,0.0,0.2064279911941691,0.015001240400133078,0.019550143017010274,0.0026622858299442677,0.011464529975953104,14.829053158291002,1.4942125537209527e-05,True,optimal,14.001996040344238
0.02322791048043382,0.5,0.22636218234499084,0.015001269008424597,0.01910940820401627,0.0018949024139731274,0.011464761129812833,16.320666157854234,1.4918368514971192e-05,True,optimal,12.413863897323608
0.02322791048043382,1.0,0.24634902202418107,0.015001298283127164,0.018678514333722224,0.0012203823664224931,0.011468204967222301,17.66049787151423,1.4574613849016593e-05,True,optimal,12.959285020828247
0.02322791048043382,1.5,0.26635724108764003,0.01500132823976237,0.018257245933321647,0.000631466263785653,0.011474509262949264,18.875085128455382,1.3943853648834548e-05,True,optimal,13.478434801101685
0.02322791048043382,2.0,0.2863409359799449,0.015001358894213359,0.017845392055984427,0.00012185157406706765,0.01148631074595994,20.469048383781647,1.2764280894028701e-05,True,optimal,13.709007024765015
0.02322791048043382,2.5,0.3063908494528642,0.01500139026273326,0.017442746194528874,0.0,0.011500607271441511,21.66002256797355,1.1334048371836047e-05,True,optimal,13.49599313735962
0.02322791048043382,3.0,0.3266018579801445,0.015001422361953802,0.017049106196329794,0.0,0.01152064792515638,22.634318233432786,9.33040398687357e-06,True,optimal,13.1044340133667
0.02322791048043382,4.0,0.36678130622183236,0.015001488820969786,0.016288056450115745,0.0,0.011578347253362327,25.550023673247985,3.5604001098477056e-06,True,optimal,13.446049928665161
0.02322791048043382,5.0,0.40608943388953905,0.015001558412227273,0.015560709532160459,0.0,0.011613961643222046,29.127897861674402,-1.0639675807055937e-09,False,optimal,12.643983840942383
0.038746489950446536,0.0,0.21217547203062237,0.015000748499979392,0.032398130484454474,0.004054931807834131,0.019120769960895886,9.075765716060202,2.5247193813582314e-05,True,optimal,12.648394107818604
0.038746489950446536,0.5,0.2319970885963164,0.01500076564926433,0.03167246561805556,0.002828458945816463,0.019126293971202243,10.062925483089765,2.4694742654096657e-05,True,optimal,12.464730024337769
0.038746489950446536,1.0,0.251855209006128,0.01500078319807594,0.030962793123429283,0.001751701576130378,0.019132692164659213,10.804629983209535,2.405494378254769e-05,True,optimal,12.64092230796814
0.038746489950446536,1.5,0.2716753256648009,0.015000801155718746,0.030268772265569427,0.0008148733937477067,0.01914532499391641,11.574567234000755,2.2791678997657883e-05,True,optimal,11.918874025344849
0.038746489950446536,2.0,0.29159210867316854,0.015000819531714038,0.029590069041377814,3.1028596482855665e-07,0.01916639061765258,12.42362880086205,2.0684773221368857e-05,True,optimal,12.26294994354248
0.038746489950446536,2.5,0.31154127979933943,0.015000838335804916,0.028926356070921394,0.0,0.01919058446370208,13.179818790426683,1.8265203674872055e-05,True,optimal,12.155854225158691
0.038746489950446536,3.0,0.33154895659608985,0.015000857577961456,0.02827731248926721,0.0,0.01922759401427356,13.803615552589442,1.4564723619159281e-05,True,optimal,12.098176002502441
0.038746489950446536,4.0,0.3715692203970391,0.015000897417518559,0.02702198196320124,0.0,0.019325801850400337,15.497973619712099,4.743626560665959e-06,True,optimal,10.448946952819824
0.038746489950446536,5.0,0.41009479387617487,0.01500093913488949,0.025821636775909512,0.0,0.019373250303304647,17.8166878930271,-9.289105040721779e-10,True,optimal,10.751889944076538
0.06463304070095653,0.0,0.22167628972857645,0.015000453641587738,0.05345629822180262,0.00575005161835325,0.03189865507335209,5.727865987083626,4.178584773961713e-05,True,optimal,11.543775081634521
0.06463304070095653,0.5,0.24130116149167208,0.015000463920708003,0.05227186366465761,0.003846403361969065,0.031906920925494894,6.229157169440178,4.09596123180922e-05,True,optimal,10.97722601890564
0.06463304070095653,1.0,0.2610101316771867,0.01500047443937564,0.051112958251332746,0.0021730693065829775,0.03192052094416029,6.630460141239862,3.959879106973929e-05,True,optimal,11.238525867462158
0.06463304070095653,1.5,0.28056463106030916,0.015000485203167758,0.04997906364028845,0.000727834863925006,0.031950554316766404,7.1963997113627745,3.6596100814856314e-05,True,optimal,13.160928010940552
0.06463304070095653,2.0,0.3002685680877971,0.015000496217791433,0.048869670573380736,0.0,0.031987872231636016,7.649212437773175,3.286391548806833e-05,True,optimal,13.80308723449707
0.06463304070095653,2.5,0.32015102680029817,0.015000507489086724,0.04778427878415478,0.0,0.032030241484278424,8.094397278064354,2.8627525759938877e-05,True,optimal,12.76646876335144
0.06463304070095653,3.0,0.3398101809057108,0.01500051902302979,0.04672239690351129,0.0,0.032102685984673154,8.508191077231887,2.138297101983433e-05,True,optimal,11.74251389503479
0.06463304070095653,4.0,0.3795687842064432,0.015000542903463396,0.044667241295887034,0.0,0.03227115400576687,9.47181059599913,4.5360590906762255e-06,True,optimal,10.487267971038818
0.06463304070095653,5.0,0.41671622669956054,0.015000567909745535,0.042700447017400694,0.0,0.032316524649639994,11.025632669063215,-7.381923960991799e-10,True,optimal,10.563992977142334
0.1078144099141388,0.0,0.2375261828476098,0.015000276925952826,0.08756853502754322,0.006995071972946286,0.05321913846520613,3.6815189531409307,6.880615882809415e-05,True,optimal,10.536159038543701
0.1078144099141388,0.5,0.2568447363960248,0.01500028308542904,0.08566318684156546,0.004183413638530875,0.053243729976118676,3.9554538047680547,6.63466073891339e-05,True,optimal,10.700494050979614
0.1078144099141388,1.0,0.2760180684767763,0.015000289388571718,0.08379736579085659,0.0017442358039027835,0.053282989673608026,4.238710472348773,6.24208692132644e-05,True,optimal,11.084178924560547
0.1078144099141388,1.5,0.29535540477080213,0.015000295838722866,0.0819703376391023,0.0,0.05334152887065066,4.520457058243384,5.6567163878584736e-05,True,optimal,11.362200736999512
0.1078144099141388,2.0,0.314791724375424,0.01500030243930243,0.08018137789998067,0.0,0.05340835571904592,4.784246068174275,4.9884022078727774e-05,True,optimal,10.99539303779602
0.1078144099141388,2.5,0.3341822504021478,0.015000309193810122,0.0784297718974026,0.0,0.05351494135080799,5.011289146413326,3.922586476368117e-05,True,optimal,11.503758192062378
0.1078144099141388,3.0,0.35360635736138296,0.015000316105827262,0.07671481481366246,0.0,0.053637695226294316,5.331608651292635,2.695067626279357e-05,True,optimal,13.146950960159302
0.1078144099141388,4.0,0.39291170214333765,0.015000330417134684,0.07339207763310016,0.0,0.05390720676974614,5.8843058800719925,-4.1649461657300435e-10,True,optimal,14.199920892715454
0.1078144099141388,5.0,0.42764694257636165,0.015000345403580816,0.07020772611217183,0.0,0.053907212945479746,6.941094110112901,-1.343587241464661e-09,False,optimal,12.854027032852173
0.17984527509568232,0.0,0.26369906964323075,0.01500017106683144,0.1417574628337249,0.005458629249702467,0.088826658205406,2.415102661173405,0.00010959717568814753,True,optimal,12.083945989608765
0.17984527509568232,0.5,0.28229018399543954,0.015000174754844265,0.13876582421495107,0.0016972946494296147,0.08890729714408159,2.608692036733996,0.00010153344754559868,True,optimal,11.701685905456543
0.17984527509568232,1.0,0.3010001794608371,0.01500017852908502,0.13583220905853152,0.0,0.08900573303818224,2.759198612092627,9.168997631570086e-05,True,optimal,11.96975302696228
0.17984527509568232,1.5,0.319908567933762,0.015000182391554893,0.13295571724079133,0.0,0.08911707431638394,2.9120581507536696,8.055601595469142e-05,True,optimal,10.915221929550171
0.17984527509568232,2.0,0.33860463568117605,0.015000186344301843,0.1301354522796679,0.0,0.08930736080217969,3.0531644119530696,6.152737345832548e-05,True,optimal,10.17630386352539
0.17984527509568232,2.5,0.35749559464642605,0.015000190389421682,0.12737052187969453,0.0,0.08951091435582038,3.2396300409883474,4.1172176843851105e-05,True,optimal,12.379780769348145
0.17984527509568232,3.0,0.3764743542483147,0.015000194529059213,0.12466003844428672,0.0,0.08975651169570294,3.3811011391491417,1.6611735728089272e-05,True,optimal,13.743388891220093
0.17984527509568232,4.0,0.412538966764485,0.015000203100718264,0.11939888842954802,0.0,0.08992264445172396,3.8955776844517955,-1.2363683410399062e-09,False,optimal,12.63155198097229
0.17984527509568232,5.0,0.44483393692652534,0.015000212077460768,0.11434501296040131,0.0,0.0899226402935609,4.466904817614712,-4.837288347658841e-10,True,optimal,12.268909215927124
0.29999999999999993,0.0,0.3065005491529712,0.015000107737770175,0.22508355203891903,0.0,0.14850754828219137,1.6846642754401429,0.00014924463391308151,True,optimal,12.080952167510986
0.29999999999999993,0.5,0.32431330385575563,0.015000109941194316,0.22057246285626206,0.0,0.14872999137845075,1.7492777272448534,0.00012700046870739445,True,optimal,13.543446063995361
0.29999999999999993,1.0,0.34195011606507164,0.015000112196479667,0.21613868877057937,0.0,0.14901233284159246,1.8563741557350126,9.876620518922685e-05,True,optimal,11.970945119857788
0.29999999999999993,1.5,0.3598487123577654,0.015000114504822153,0.2117814738634157,0.0,0.149348631277314,1.958189108661379,6.513621936177216e-05,True,optimal,12.380252838134766
0.29999999999999993,2.0,0.3777970821580531,0.015000116867445821,0.20750004271300646,0.0,0.14974008084166407,2.0356803114003825,2.5991471696906743e-05,True,optimal,11.00422716140747
0.29999999999999993,2.5,0.3957536519834469,0.015000119285603497,0.20329360198466426,0.0,0.15000001277551303,2.1570886392201896,-2.1357267065980068e-09,False,optimal,10.871245861053467
0.29999999999999993,3.0,0.4120487818525254,0.015000121760577433,0.1991613419622261,0.0,0.15000000850554268,2.3373335012721093,-1.4642005385923085e-09,False,optimal,11.250917911529541
0.29999999999999993,4.0,0.4428533470259833,0.0150001268862544,0.19111605204586787,0.0,0.15000001288891773,2.664738229077981,-2.1363908420113376e-09,False,optimal,9.989986896514893
0.29999999999999993,5.0,0.4698300868369345,0.015000132255349758,0.1833574221698255,0.0,0.15000000679896486,3.013834301668885,-1.1731966509387348e-09,False,optimal,8.19947099685669
